solidus_gam0pt1,solidus_gam0pt05,solidus_gam0pt01,liquidus
1500,1500,1500,1500
1497.31065721933,1494.64834346362,1474.28164902829,1499.72972972973
1494.64810049879,1489.40276184437,1451.01305204438,1499.45945945946
1492.01206304717,1484.26115263661,1429.96086225991,1499.18918918919
1489.4022807305,1479.22145500836,1410.9139599036,1498.91891891892
1486.81849204565,1474.28164897528,1393.68133502774,1498.64864864865
1484.26043809405,1469.43975459106,1378.09017198418,1498.37837837838
1481.72786255577,1464.69383115379,1363.98411635992,1498.10810810811
1479.22051166388,1460.04197642812,1351.22170699259,1497.83783783784
1476.73813417895,1455.48232588281,1339.67495734139,1497.56756756757
1474.28048136395,1451.01305194341,1329.2280719869,1497.2972972973
1471.84730695927,1446.63236325971,1319.77628538836,1497.02702702703
1469.43836715807,1442.33850398779,1311.22481125298,1496.75675675676
1467.05342058183,1438.12975308621,1303.48789198107,1496.48648648649
1464.69222825621,1434.00442362621,1296.48793865463,1496.21621621622
1462.35455358704,1429.96086211555,1290.15475294461,1495.94594594595
1460.04016233666,1425.9974478358,1284.42482313407,1495.67567567568
1457.74882260044,1422.11259219269,1279.24068719727,1495.40540540541
1455.48030478354,1418.3047380794,1274.55035654754,1495.13513513514
1453.23438157788,1414.57235925246,1270.30679467493,1494.86486486486
1451.01082793941,1410.91395971998,1266.46744544532,1494.59459459459
1448.80942106552,1407.32807314205,1262.99380633049,1494.32432432432
1446.62994037275,1403.81326224303,1259.85104228938,1494.05405405405
1444.47216747465,1400.36811823543,1257.00763642838,1493.78378378378
1442.33588615992,1396.99126025526,1254.43507393734,1493.51351351351
1440.22088237075,1393.6813348086,1252.10755613164,1493.24324324324
1438.12694418135,1390.43701522903,1250.00174173267,1492.97297297297
1436.05386177673,1387.25700114593,1248.0965127922,1492.7027027027
1434.00142743168,1384.14001796328,1246.37276291312,1492.43243243243
1431.96943548994,1381.08481634873,1244.81320564283,1492.16216216216
1429.95768234361,1378.0901717329,1243.40220111788,1491.89189189189
1427.96596641274,1375.15488381856,1242.12559922105,1491.62162162162
1425.99408812513,1372.27777609948,1240.97059767842,1491.35135135135
1424.04184989633,1369.45769538891,1239.92561367301,1491.08108108108
1422.10905610985,1366.69351135737,1238.98016768763,1490.81081081081
1420.19551309755,1363.98411607957,1238.12477841216,1490.54054054054
1418.30102912025,1361.32842359036,1237.35086766116,1490.27027027027
1416.4254143485,1358.72536944943,1236.65067434836,1490
1414.56848084357,1356.17391031473,1236.01717665543,1489.72972972973
1412.73004253861,1353.6730235242,1235.44402161438,1489.45945945946
1410.90991522001,1351.22170668594,1234.92546139744,1489.18918918919
1409.10791650894,1348.81897727639,1234.45629567552,1488.91891891892
1407.32386584308,1346.46387224656,1234.03181946731,1488.64864864865
1405.55758445853,1344.15544763599,1233.64777595577,1488.37837837838
1403.80889537189,1341.89277819442,1233.30031379912,1488.10810810811
1402.07762336252,1339.67495701094,1232.985948508,1487.83783783784
1400.36359495499,1337.50109515044,1232.70152750166,1487.56756756757
1398.66663840171,1335.3703212974,1232.44419849259,1487.2972972973
1396.98658366571,1333.28178140656,1232.21138088268,1487.02702702703
1395.32326240359,1331.23463836066,1232.00073988389,1486.75675675676
1393.67650794867,1329.22807163491,1231.81016310412,1486.48648648649
1392.04615529427,1327.26127696809,1231.63773936328,1486.21621621622
1390.43204107721,1325.33346604021,1231.48173952719,1485.94594594595
1388.83400356142,1323.44386615652,1231.34059916715,1485.67567567568
1387.2518826217,1321.59171993782,1231.21290287125,1485.40540540541
1385.68551972775,1319.77628501689,1231.09737005,1485.13513513514
1384.13475792823,1317.99683374093,1230.99284209411,1484.86486486487
1382.59944183503,1316.2526528799,1230.89827075546,1484.59459459459
1381.07941760774,1314.54304334067,1230.81270763488,1484.32432432432
1379.5745329382,1312.8673198868,1230.73529467121,1484.05405405405
1378.08463703526,1311.22481086388,1230.66525553631,1483.78378378378
1376.60958060966,1309.61485793033,1230.60188784976,1483.51351351351
1375.14921585906,1308.03681579353,1230.54455613507,1483.24324324324
1373.70339645325,1306.49005195118,1230.4926854469,1482.97297297297
1372.27197751949,1304.97394643774,1230.44575560527,1482.7027027027
1370.85481562797,1303.48789157603,1230.40329597896,1482.43243243243
1369.45176877745,1302.03129173357,1230.36488076587,1482.16216216216
1368.06269638106,1300.60356308389,1230.33012472291,1481.89189189189
1366.68745925215,1299.20413337252,1230.29867930258,1481.62162162162
1365.3259195904,1297.83244168762,1230.27022915765,1481.35135135135
1363.977940968,1296.48793823516,1230.24448897869,1481.08108108108
1362.64338831593,1295.17008411852,1230.2212006329,1480.81081081081
1361.32212791053,1293.87835112256,1230.20013057545,1480.54054054054
1360.01402735998,1292.61222150185,1230.18106750738,1480.27027027027
1358.71895559113,1291.37118777317,1230.16382025662,1480
1357.43678283631,1290.15475251208,1230.14821586086,1479.72972972973
1356.16738062036,1288.9624281536,1230.13409783297,1479.45945945946
1354.91062174773,1287.79373679672,1230.12132459174,1479.18918918919
1353.66638028975,1286.64821001291,1230.10976804199,1478.91891891892
1352.43453157201,1285.5253886583,1230.09931229003,1478.64864864865
1351.21495216187,1284.42482268973,1230.0898524814,1478.37837837838
1350.00751985609,1283.3460709843,1230.08129374935,1478.10810810811
1348.81211366858,1282.28870116259,1230.07355026351,1477.83783783784
1347.62861381827,1281.25228941534,1230.0665443691,1477.56756756757
1346.45690171714,1280.23642033361,1230.06020580821,1477.2972972973
1345.29685995831,1279.24068674225,1230.05447101523,1477.02702702703
1344.14837230426,1278.26468953672,1230.04928247935,1476.75675675676
1343.01132367523,1277.30803752308,1230.04458816786,1476.48648648649
1341.88560013766,1276.37034726127,1230.04034100434,1476.21621621622
1340.77108889276,1275.45124291133,1230.03649839653,1475.94594594595
1339.66767826524,1274.55035608285,1230.03302180923,1475.67567567568
1338.57525769211,1273.66732568724,1230.02987637783,1475.40540540541
1337.49371771158,1272.80179779303,1230.02703055867,1475.13513513514
1336.4229499521,1271.95342548402,1230.02445581277,1474.86486486487
1335.36284712155,1271.1218687202,1230.02212631952,1474.59459459459
1334.3133029964,1270.3067942015,1230.02001871785,1474.32432432432
1333.27421241114,1269.50787523416,1230.01811187188,1474.05405405405
1332.24547124772,1268.72479159979,1230.016386659,1473.78378378378
1331.2269764251,1267.95722942707,1230.01482577809,1473.51351351351
1330.21862588893,1267.20488106586,1230.013413576,1473.24324324324
1329.22031860136,1266.46744496398,1230.01213589061,1472.97297297297
1328.23195453085,1265.74462554626,1230.01097990878,1472.7027027027
1327.2534346422,1265.03613309616,1230.00993403786,1472.43243243243
1326.28466088661,1264.34168363954,1230.00898778944,1472.16216216216
1325.32553619184,1263.66099883095,1230.00813167417,1471.89189189189
1324.37596445251,1262.99380584199,1230.00735710658,1471.62162162162
1323.43585052045,1262.33983725195,1230.00665631899,1471.35135135135
1322.50510019517,1261.69883094071,1230.00602228363,1471.08108108108
1321.58362021444,1261.07052998357,1230.00544864213,1470.81081081081
1320.67131824491,1260.45468254834,1230.00492964179,1470.54054054054
1319.76810287289,1259.8510417944,1230.00446007788,1470.27027027027
1318.87388359517,1259.25936577371,1230.0040352414,1470
1317.98857080996,1258.6794173339,1230.00365087194,1469.72972972973
1317.11207580792,1258.11096402317,1230.00330311488,1469.45945945946
1316.24431076325,1257.55377799715,1230.00298848278,1469.18918918919
1315.3851887249,1257.00763592754,1230.00270382037,1468.91891891892
1314.53462360787,1256.47231891263,1230.00244627296,1468.64864864865
1313.69253018456,1255.94761238957,1230.00221325775,1468.37837837838
1312.85882407627,1255.43330604831,1230.00200243798,1468.10810810811
1312.03342174468,1254.92919374737,1230.00181169945,1467.83783783784
1311.21624048355,1254.43507343119,1230.00163912937,1467.56756756757
1310.40719841039,1253.95074704914,1230.00148299713,1467.2972972973
1309.60621445826,1253.47602047614,1230.00134173698,1467.02702702703
1308.81320836765,1253.01070343485,1230.0012139323,1466.75675675676
1308.02810067846,1252.55460941941,1230.00109830142,1466.48648648649
1307.25081272199,1252.10755562069,1230.00099368475,1466.21621621622
1306.48126661313,1251.66936285301,1230.00089903315,1465.94594594595
1305.71938524246,1251.2398554823,1230.00081339741,1465.67567567568
1304.96509226861,1250.81886135575,1230.00073591874,1465.40540540541
1304.21831211057,1250.40621173278,1230.00066582016,1465.13513513514
1303.47896994011,1250.00174121739,1230.00060239869,1464.86486486487
1302.74699167431,1249.6052876919,1230.00054501832,1464.59459459459
1302.02230396811,1249.21669225195,1230.0004931036,1464.32432432432
1301.30483420699,1248.83579914282,1230.00044613393,1464.05405405405
1300.59451049966,1248.462455697,1230.00040363827,1463.78378378378
1299.89126167086,1248.09651227299,1230.00036519045,1463.51351351351
1299.19501725428,1247.73782219533,1230.00033040491,1463.24324324324
1298.50570748542,1247.38624169579,1230.0002989328,1462.97297297297
1297.82326329468,1247.04162985578,1230.00027045851,1462.7027027027
1297.14761630035,1246.70384854986,1230.00024469648,1462.43243243243
1296.47869880185,1246.37276239035,1230.00022138837,1462.16216216216
1295.81644377287,1246.04823867308,1230.00020030043,1461.89189189189
1295.16078485473,1245.73014732422,1230.00018122119,1461.62162162162
1294.51165634963,1245.4183608481,1230.0001639593,1461.35135135135
1293.86899321418,1245.11275427617,1230.00014834166,1461.08108108108
1293.23273105279,1244.81320511685,1230.00013421165,1460.81081081081
1292.60280611128,1244.51959330647,1230.00012142756,1460.54054054054
1291.97915527044,1244.23180116113,1230.00010986121,1460.27027027027
1291.36171603975,1243.94971332954,1230.00009939658,1460
1290.7504265511,1243.67321674678,1230.00008992874,1459.72972972973
1290.14522555259,1243.40220058899,1230.00008136275,1459.45945945946
1289.54605240239,1243.13655622894,1230.00007361269,1459.18918918919
1288.95284706266,1242.87617719249,1230.00006660085,1458.91891891892
1288.36555009357,1242.62095911592,1230.00006025691,1458.64864864865
1287.78410264728,1242.37079970412,1230.00005451725,1458.37837837838
1287.2084464621,1242.12559868953,1230.00004932431,1458.10810810811
1286.63852385663,1241.88525779202,1230.00004462601,1457.83783783784
1286.07427772397,1241.64968067944,1230.00004037524,1457.56756756757
1285.51565152601,1241.41877292905,1230.00003652937,1457.2972972973
1284.96258928779,1241.19244198966,1230.00003304984,1457.02702702703
1284.41503559183,1240.97059714452,1230.00002990173,1456.75675675676
1283.87293557262,1240.75314947499,1230.0000270535,1456.48648648649
1283.33623491114,1240.54001182487,1230.00002447657,1456.21621621622
1282.80487982937,1240.33109876547,1230.0000221451,1455.94594594595
1282.27881708491,1240.12632656139,1230.00002003571,1455.67567567568
1281.75799396569,1239.92561313695,1230.00001812724,1455.40540540541
1281.24235828464,1239.72887804328,1230.00001640057,1455.13513513514
1280.73185837448,1239.53604242609,1230.00001483836,1454.86486486486
1280.22644308253,1239.34702899404,1230.00001342496,1454.59459459459
1279.72606176561,1239.16176198779,1230.00001214619,1454.32432432432
1279.23066428494,1238.98016714963,1230.00001098923,1454.05405405405
1278.74020100112,1238.80217169369,1230.00000994247,1453.78378378378
1278.25462276919,1238.6277042768,1230.00000899542,1453.51351351351
1277.77388093365,1238.45669496987,1230.00000813858,1453.24324324324
1277.29792732363,1238.28907522989,1230.00000736335,1452.97297297297
1276.82671424802,1238.1247778724,1230.00000666197,1452.7027027027
1276.36019449074,1237.96373704464,1230.0000060274,1452.43243243243
1275.89832130598,1237.80588819908,1230.00000545327,1452.16216216216
1275.44104841353,1237.65116806762,1230.00000493383,1451.89189189189
1274.98832999412,1237.49951463616,1230.00000446386,1451.62162162162
1274.54012068485,1237.3508671198,1230.00000403867,1451.35135135135
1274.09637557464,1237.20516593844,1230.00000365397,1451.08108108108
1273.65705019972,1237.06235269293,1230.00000330592,1450.81081081081
1273.2221005392,1236.92237014162,1230.00000299102,1450.54054054054
1272.79148301061,1236.78516217748,1230.00000270612,1450.27027027027
1272.36515446559,1236.65067380555,1230.00000244835,1450
1271.94307218555,1236.51885112093,1230.00000221514,1449.72972972973
1271.52519387735,1236.38964128717,1230.00000200414,1449.45945945946
1271.11147766911,1236.26299251506,1230.00000181324,1449.18918918919
1270.70188210601,1236.13885404195,1230.00000164052,1448.91891891892
1270.29636614609,1236.01717611132,1230.00000148426,1448.64864864865
1269.8948891562,1235.89790995289,1230.00000134288,1448.37837837838
1269.49741090788,1235.78100776302,1230.00000121496,1448.10810810811
1269.10389157337,1235.66642268563,1230.00000109923,1447.83783783784
1268.71429172158,1235.55410879333,1230.00000099453,1447.56756756757
1268.32857231416,1235.44402106909,1230.0000008998,1447.2972972973
1267.94669470158,1235.33611538814,1230.00000081409,1447.02702702703
1267.56862061929,1235.23034850031,1230.00000073654,1446.75675675676
1267.19431218381,1235.12667801268,1230.00000066639,1446.48648648649
1266.82373188903,1235.02506237261,1230.00000060291,1446.21621621622
1266.45684260238,1234.92546085108,1230.00000054548,1445.94594594595
1266.09360756113,1234.82783352633,1230.00000049352,1445.67567567568
1265.73399036872,1234.73214126791,1230.00000044651,1445.40540540541
1265.37795499109,1234.63834572097,1230.00000040398,1445.13513513514
1265.0254657531,1234.54640929089,1230.0000003655,1444.86486486486
1264.67648733493,1234.45629512819,1230.00000033069,1444.59459459459
1264.33098476853,1234.36796711382,1230.00000029919,1444.32432432432
1263.98892343417,1234.28138984462,1230.00000027069,1444.05405405405
1263.6502690569,1234.19652861915,1230.0000002449,1443.78378378378
1263.31498770317,1234.11334942379,1230.00000022158,1443.51351351351
1262.98304577742,1234.03181891911,1230.00000020047,1443.24324324324
1262.65441001867,1233.9519044265,1230.00000018138,1442.97297297297
1262.32904749726,1233.87357391505,1230.0000001641,1442.7027027027
1262.00692561148,1233.79679598877,1230.00000014847,1442.43243243243
1261.68801208437,1233.72153987393,1230.00000013433,1442.16216216216
1261.37227496042,1233.64777540678,1230.00000012153,1441.89189189189
1261.05968260241,1233.57547302146,1230.00000010995,1441.62162162162
1260.75020368824,1233.50460373811,1230.00000009948,1441.35135135135
1260.44380720775,1233.43513915129,1230.00000009001,1441.08108108108
1260.14046245969,1233.36705141857,1230.00000008143,1440.81081081081
1259.84013904856,1233.30031324941,1230.00000007368,1440.54054054054
1259.54280688161,1233.23489789417,1230.00000006666,1440.27027027027
1259.24843616582,1233.17077913342,1230.00000006031,1440
1258.95699740492,1233.10793126743,1230.00000005456,1439.72972972973
1258.6684613964,1233.04632910585,1230.00000004937,1439.45945945946
1258.38279922862,1232.98594795764,1230.00000004466,1439.18918918919
1258.09998227793,1232.92676362116,1230.00000004041,1438.91891891892
1257.81998220573,1232.86875237446,1230.00000003656,1438.64864864865
1257.5427709557,1232.81189096578,1230.00000003308,1438.37837837838
1257.26832075095,1232.75615660425,1230.00000002993,1438.10810810811
1256.99660409128,1232.70152695071,1230.00000002708,1437.83783783784
1256.72759375034,1232.64798010882,1230.0000000245,1437.56756756757
1256.46126277302,1232.5954946162,1230.00000002216,1437.2972972973
1256.19758447263,1232.54404943591,1230.00000002005,1437.02702702703
1255.93653242831,1232.49362394798,1230.00000001814,1436.75675675676
1255.67808048235,1232.44419794112,1230.00000001641,1436.48648648649
1255.42220273758,1232.39575160468,1230.00000001485,1436.21621621622
1255.16887355475,1232.34826552065,1230.00000001344,1435.94594594595
1254.91806754998,1232.30172065593,1230.00000001216,1435.67567567568
1254.66975959224,1232.25609835465,1230.000000011,1435.40540540541
1254.42392480077,1232.21138033073,1230.00000000995,1435.13513513513
1254.18053854267,1232.16754866052,1230.000000009,1434.86486486486
1253.93957643034,1232.12458577566,1230.00000000815,1434.59459459459
1253.70101431911,1232.082474456,1230.00000000737,1434.32432432432
1253.46482830478,1232.04119782271,1230.00000000667,1434.05405405405
1253.23099472126,1232.0007393315,1230.00000000603,1433.78378378378
1252.99949013813,1231.96108276603,1230.00000000546,1433.51351351351
1252.77029135839,1231.92221223137,1230.00000000494,1433.24324324324
1252.54337541606,1231.88411214763,1230.00000000447,1432.97297297297
1252.31871957389,1231.84676724375,1230.00000000404,1432.7027027027
1252.09630132113,1231.81016255134,1230.00000000366,1432.43243243243
1251.8760983712,1231.77428339872,1230.00000000331,1432.16216216216
1251.65808865952,1231.73911540499,1230.00000000299,1431.89189189189
1251.44225034127,1231.70464447431,1230.00000000271,1431.62162162162
1251.22856178921,1231.67085679023,1230.00000000245,1431.35135135135
1251.0170015915,1231.63773881014,1230.00000000222,1431.08108108108
1250.80754854956,1231.60527725989,1230.00000000201,1430.81081081081
1250.60018167597,1231.57345912841,1230.00000000181,1430.54054054054
1250.39488019232,1231.54227166252,1230.00000000164,1430.27027027027
1250.19162352718,1231.51170236183,1230.00000000149,1430
1249.990391314,1231.48173897373,1230.00000000134,1429.72972972973
1249.79116338907,1231.45236948845,1230.00000000122,1429.45945945946
1249.59391978954,1231.42358213427,1230.0000000011,1429.18918918919
1249.39864075138,1231.3953653728,1230.000000001,1428.91891891892
1249.20530670739,1231.36770789435,1230.0000000009,1428.64864864865
1249.01389828529,1231.34059861341,1230.00000000081,1428.37837837838
1248.82439630574,1231.31402666416,1230.00000000074,1428.10810810811
1248.63678178043,1231.2879813962,1230.00000000067,1427.83783783784
1248.45103591016,1231.26245237019,1230.0000000006,1427.56756756757
1248.26714008299,1231.23742935374,1230.00000000055,1427.2972972973
1248.08507587234,1231.21290231724,1230.00000000049,1427.02702702703
1247.90482503518,1231.18886142991,1230.00000000045,1426.75675675676
1247.72636951017,1231.16529705581,1230.0000000004,1426.48648648649
1247.54969141586,1231.14219974999,1230.00000000037,1426.21621621622
1247.3747730489,1231.11956025472,1230.00000000033,1425.94594594595
1247.20159688228,1231.09736949575,1230.0000000003,1425.67567567568
1247.03014556355,1231.07561857871,1230.00000000027,1425.40540540541
1246.86040191308,1231.05429878551,1230.00000000025,1425.13513513513
1246.69234892238,1231.03340157087,1230.00000000022,1424.86486486486
1246.52596975234,1231.01291855888,1230.0000000002,1424.59459459459
1246.36124773158,1230.99284153964,1230.00000000018,1424.32432432432
1246.19816635476,1230.973162466,1230.00000000016,1424.05405405405
1246.03670928096,1230.9538734503,1230.00000000015,1423.78378378378
1245.87686033197,1230.93496676122,1230.00000000013,1423.51351351351
1245.71860349077,1230.91643482067,1230.00000000012,1423.24324324324
1245.56192289982,1230.8982702008,1230.00000000011,1422.97297297297
1245.40680285957,1230.88046562095,1230.0000000001,1422.7027027027
1245.2532278268,1230.86301394478,1230.00000000009,1422.43243243243
1245.10118241312,1230.84590817742,1230.00000000008,1422.16216216216
1244.95065138341,1230.82914146262,1230.00000000007,1421.89189189189
1244.80161965429,1230.81270708004,1230.00000000007,1421.62162162162
1244.65407229261,1230.79659844254,1230.00000000006,1421.35135135135
1244.50799451395,1230.78080909353,1230.00000000005,1421.08108108108
1244.36337168116,1230.76533270442,1230.00000000005,1420.81081081081
1244.22018930287,1230.75016307205,1230.00000000004,1420.54054054054
1244.07843303203,1230.73529411621,1230.00000000004,1420.27027027027
1243.93808866451,1230.7207198772,1230.00000000004,1420
1243.79914213764,1230.70643451345,1230.00000000003,1419.72972972973
1243.66157952882,1230.69243229918,1230.00000000003,1419.45945945946
1243.52538705413,1230.67870762211,1230.00000000003,1419.18918918919
1243.39055106692,1230.66525498117,1230.00000000002,1418.91891891892
1243.25705805647,1230.65206898436,1230.00000000002,1418.64864864865
1243.12489464663,1230.63914434653,1230.00000000002,1418.37837837838
1242.99404759448,1230.62647588731,1230.00000000002,1418.10810810811
1242.86450378899,1230.61405852898,1230.00000000002,1417.83783783784
1242.73625024973,1230.60188729449,1230.00000000002,1417.56756756757
1242.60927412555,1230.58995730543,1230.00000000001,1417.2972972973
1242.48356269329,1230.57826378009,1230.00000000001,1417.02702702703
1242.35910335652,1230.56680203154,1230.00000000001,1416.75675675676
1242.23588364429,1230.55556746573,1230.00000000001,1416.48648648649
1242.11389120983,1230.54455557968,1230.00000000001,1416.21621621622
1241.99311382936,1230.53376195968,1230.00000000001,1415.94594594595
1241.87353940085,1230.52318227949,1230.00000000001,1415.67567567568
1241.75515594281,1230.51281229861,1230.00000000001,1415.40540540541
1241.63795159309,1230.5026478606,1230.00000000001,1415.13513513513
1241.52191460766,1230.49268489141,1230.00000000001,1414.86486486486
1241.4070333595,1230.48291939773,1230.00000000001,1414.59459459459
1241.29329633738,1230.47334746542,1230,1414.32432432432
1241.18069214471,1230.4639652579,1230,1414.05405405405
1241.06920949842,1230.45476901465,1230,1413.78378378378
1240.95883722783,1230.44575504967,1230,1413.51351351351
1240.84956427351,1230.43691975005,1230,1413.24324324324
1240.74137968619,1230.42825957446,1230,1412.97297297297
1240.63427262564,1230.41977105177,1230,1412.7027027027
1240.52823235963,1230.41145077968,1230,1412.43243243243
1240.42324826278,1230.40329542328,1230,1412.16216216216
1240.31930981559,1230.39530171379,1230,1411.89189189189
1240.21640660329,1230.38746644722,1230,1411.62162162162
1240.11452831487,1230.37978648307,1230,1411.35135135135
1240.01366474201,1230.37225874311,1230,1411.08108108108
1239.91380577806,1230.36488021011,1230,1410.81081081081
1239.81494141704,1230.35764792665,1230,1410.54054054054
1239.71706175263,1230.35055899391,1230,1410.27027027027
1239.62015697717,1230.34361057056,1230,1410
1239.52421738071,1230.33679987156,1230,1409.72972972973
1239.42923334997,1230.33012416708,1230,1409.45945945946
1239.33519536746,1230.32358078141,1230,1409.18918918919
1239.24209401046,1230.31716709186,1230,1408.91891891892
1239.1499199501,1230.31088052773,1230,1408.64864864865
1239.05866395045,1230.30471856927,1230,1408.37837837838
1238.96831686755,1230.29867874669,1230,1408.10810810811
1238.87886964851,1230.29275863913,1230,1407.83783783784
1238.79031333063,1230.28695587372,1230,1407.56756756757
1238.70263904046,1230.28126812464,1230,1407.2972972973
1238.61583799293,1230.27569311215,1230,1407.02702702703
1238.52990149049,1230.2702286017,1230,1406.75675675676
1238.4448209222,1230.26487240304,1230,1406.48648648649
1238.36058776288,1230.25962236933,1230,1406.21621621622
1238.27719357228,1230.25447639627,1230,1405.94594594595
1238.19462999421,1230.24943242129,1230,1405.67567567568
1238.11288875571,1230.24448842268,1230,1405.40540540541
1238.0319616662,1230.23964241883,1230,1405.13513513514
1237.9518406167,1230.23489246737,1230,1404.86486486487
1237.872517579,1230.23023666447,1230,1404.59459459459
1237.79398460482,1230.225673144,1230,1404.32432432432
1237.71623382509,1230.22120007685,1230,1404.05405405405
1237.63925744908,1230.21681567013,1230,1403.78378378378
1237.56304776367,1230.21251816653,1230,1403.51351351351
1237.48759713256,1230.20830584352,1230,1403.24324324324
1237.41289799552,1230.20417701276,1230,1402.97297297297
1237.33894286761,1230.20013001935,1230,1402.7027027027
1237.26572433844,1230.1961632412,1230,1402.43243243243
1237.19323507143,1230.19227508835,1230,1402.16216216216
1237.12146780307,1230.18846400239,1230,1401.89189189189
1237.05041534221,1230.18472845577,1230,1401.62162162162
1236.98007056929,1230.18106695124,1230,1401.35135135135
1236.91042643571,1230.17747802121,1230,1401.08108108108
1236.84147596303,1230.17396022717,1230,1400.81081081081
1236.77321224233,1230.17051215916,1230,1400.54054054054
1236.70562843353,1230.16713243513,1230,1400.27027027027
1236.63871776464,1230.16381970045,1230,1400
1236.57247353114,1230.16057262731,1230,1399.72972972973
1236.50688909528,1230.15738991425,1230,1399.45945945946
1236.44195788543,1230.15427028558,1230,1399.18918918919
1236.3776733954,1230.15121249092,1230,1398.91891891892
1236.31402918381,1230.14821530465,1230,1398.64864864865
1236.25101887345,1230.14527752547,1230,1398.37837837838
1236.18863615061,1230.14239797585,1230,1398.10810810811
1236.12687476446,1230.13957550165,1230,1397.83783783784
1236.06572852645,1230.13680897157,1230,1397.56756756757
1236.00519130966,1230.13409727674,1230,1397.2972972973
1235.94525704819,1230.13143933028,1230,1397.02702702703
1235.88591973655,1230.12883406684,1230,1396.75675675676
1235.82717342908,1230.1262804422,1230,1396.48648648649
1235.76901223933,1230.12377743283,1230,1396.21621621622
1235.71143033949,1230.12132403548,1230,1395.94594594595
1235.65442195978,1230.1189192668,1230,1395.67567567568
1235.5979813879,1230.11656216291,1230,1395.40540540541
1235.54210296845,1230.11425177907,1230,1395.13513513514
1235.48678110233,1230.11198718923,1230,1394.86486486486
1235.43201024623,1230.10976748571,1230,1394.59459459459
1235.37778491206,1230.10759177882,1230,1394.32432432432
1235.32409966637,1230.10545919651,1230,1394.05405405405
1235.27094912984,1230.10336888401,1230,1393.78378378378
1235.21832797673,1230.10132000349,1230,1393.51351351351
1235.16623093433,1230.09931173372,1230,1393.24324324324
1235.11465278247,1230.09734326978,1230,1392.97297297297
1235.06358835295,1230.09541382265,1230,1392.7027027027
1235.01303252906,1230.09352261901,1230,1392.43243243243
1234.96298024504,1230.09166890081,1230,1392.16216216216
1234.91342648562,1230.08985192507,1230,1391.89189189189
1234.86436628543,1230.08807096352,1230,1391.62162162162
1234.81579472859,1230.08632530232,1230,1391.35135135135
1234.76770694819,1230.08461424178,1230,1391.08108108108
1234.72009812575,1230.08293709608,1230,1390.81081081081
1234.67296349084,1230.08129319301,1230,1390.54054054054
1234.6262983205,1230.07968187366,1230,1390.27027027027
1234.58009793884,1230.07810249219,1230,1390
1234.53435771651,1230.07655441555,1230,1389.72972972973
1234.48907307031,1230.07503702327,1230,1389.45945945946
1234.44423946264,1230.07354970715,1230,1389.18918918919
1234.39985240115,1230.07209187104,1230,1388.91891891892
1234.35590743819,1230.07066293064,1230,1388.64864864865
1234.31240017043,1230.06926231318,1230,1388.37837837838
1234.26932623838,1230.0678894573,1230,1388.10810810811
1234.226681326,1230.06654381272,1230,1387.83783783784
1234.18446116021,1230.0652248401,1230,1387.56756756757
1234.14266151051,1230.06393201077,1230,1387.2972972973
1234.10127818853,1230.06266480655,1230,1387.02702702703
1234.0603070476,1230.06142271951,1230,1386.75675675676
1234.01974398237,1230.06020525182,1230,1386.48648648649
1233.97958492838,1230.0590119155,1230,1386.21621621622
1233.93982586164,1230.05784223224,1230,1385.94594594595
1233.90046279826,1230.05669573321,1230,1385.67567567568
1233.861491794,1230.05557195888,1230,1385.40540540541
1233.82290894393,1230.05447045883,1230,1385.13513513514
1233.784710382,1230.05339079155,1230,1384.86486486487
1233.74689228068,1230.0523325243,1230,1384.59459459459
1233.70945085054,1230.05129523292,1230,1384.32432432432
1233.67238233991,1230.05027850164,1230,1384.05405405405
1233.63568303449,1230.04928192294,1230,1383.78378378378
1233.59934925697,1230.04830509737,1230,1383.51351351351
1233.56337736665,1230.04734763342,1230,1383.24324324324
1233.52776375911,1230.04640914731,1230,1382.97297297297
1233.49250486584,1230.04548926288,1230,1382.7027027027
1233.45759715384,1230.04458761144,1230,1382.43243243243
1233.42303712533,1230.04370383159,1230,1382.16216216216
1233.38882131735,1230.0428375691,1230,1381.89189189189
1233.35494630143,1230.04198847675,1230,1381.62162162162
1233.32140868328,1230.04115621421,1230,1381.35135135135
1233.28820510236,1230.04034044791,1230,1381.08108108108
1233.25533223166,1230.03954085088,1230,1380.81081081081
1233.22278677727,1230.03875710262,1230,1380.54054054054
1233.1905654781,1230.03798888899,1230,1380.27027027027
1233.15866510553,1230.03723590209,1230,1380
1233.12708246312,1230.0364978401,1230,1379.72972972973
1233.09581438625,1230.0357744072,1230,1379.45945945946
1233.06485774182,1230.03506531343,1230,1379.18918918919
1233.03420942794,1230.03437027457,1230,1378.91891891892
1233.00386637361,1230.03368901204,1230,1378.64864864865
1232.97382553843,1230.03302125279,1230,1378.37837837838
1232.94408391227,1230.03236672915,1230,1378.10810810811
1232.91463851499,1230.0317251788,1230,1377.83783783784
1232.88548639611,1230.03109634458,1230,1377.56756756757
1232.85662463458,1230.03047997446,1230,1377.2972972973
1232.8280503384,1230.02987582138,1230,1377.02702702703
1232.7997606444,1230.02928364318,1230,1376.75675675676
1232.77175271792,1230.02870320252,1230,1376.48648648649
1232.74402375253,1230.02813426674,1230,1376.21621621622
1232.71657096976,1230.02757660782,1230,1375.94594594595
1232.68939161881,1230.02703000222,1230,1375.67567567568
1232.66248297628,1230.02649423086,1230,1375.40540540541
1232.63584234589,1230.02596907901,1230,1375.13513513514
1232.60946705822,1230.02545433616,1230,1374.86486486487
1232.58335447044,1230.024949796,1230,1374.59459459459
1232.55750196603,1230.02445525631,1230,1374.32432432432
1232.53190695454,1230.02397051886,1230,1374.05405405405
1232.50656687133,1230.02349538937,1230,1373.78378378378
1232.48147917729,1230.0230296774,1230,1373.51351351351
1232.45664135861,1230.02257319628,1230,1373.24324324324
1232.4320509265,1230.02212576306,1230,1372.97297297297
1232.40770541698,1230.02168719838,1230,1372.7027027027
1232.3836023906,1230.02125732647,1230,1372.43243243243
1232.35973943221,1230.02083597504,1230,1372.16216216216
1232.33611415071,1230.02042297518,1230,1371.89189189189
1232.31272417882,1230.02001816138,1230,1371.62162162162
1232.28956717285,1230.01962137137,1230,1371.35135135135
1232.26664081243,1230.01923244612,1230,1371.08108108108
1232.24394280032,1230.01885122973,1230,1370.81081081081
1232.22147086215,1230.01847756942,1230,1370.54054054054
1232.1992227462,1230.01811131541,1230,1370.27027027027
1232.17719622319,1230.0177523209,1230,1370
1232.15538908604,1230.017400442,1230,1369.72972972973
1232.13379914965,1230.01705553768,1230,1369.45945945946
1232.11242425067,1230.01671746969,1230,1369.18918918919
1232.09126224733,1230.01638610252,1230,1368.91891891892
1232.07031101916,1230.01606130337,1230,1368.64864864865
1232.04956846683,1230.01574294205,1230,1368.37837837838
1232.02903251191,1230.01543089095,1230,1368.10810810811
1232.00870109667,1230.015125025,1230,1367.83783783784
1231.98857218389,1230.0148252216,1230,1367.56756756757
1231.96864375662,1230.0145313606,1230,1367.2972972973
1231.94891381802,1230.01424332419,1230,1367.02702702703
1231.92938039111,1230.01396099694,1230,1366.75675675676
1231.91004151863,1230.01368426569,1230,1366.48648648649
1231.8908952628,1230.01341301951,1230,1366.21621621622
1231.87193970515,1230.01314714969,1230,1365.94594594595
1231.8531729463,1230.01288654966,1230,1365.67567567568
1231.83459310581,1230.01263111497,1230,1365.40540540541
1231.81619832196,1230.01238074324,1230,1365.13513513514
1231.79798675156,1230.01213533412,1230,1364.86486486487
1231.7799565698,1230.01189478924,1230,1364.59459459459
1231.76210597003,1230.01165901218,1230,1364.32432432432
1231.7444331636,1230.01142790845,1230,1364.05405405405
1231.72693637967,1230.01120138542,1230,1363.78378378378
1231.70961386506,1230.01097935229,1230,1363.51351351351
1231.69246388401,1230.01076172006,1230,1363.24324324324
1231.6754847181,1230.01054840152,1230,1362.97297297297
1231.65867466597,1230.01033931115,1230,1362.7027027027
1231.64203204326,1230.01013436514,1230,1362.43243243243
1231.62555518233,1230.00993348137,1230,1362.16216216216
1231.60924243221,1230.0097365793,1230,1361.89189189189
1231.59309215833,1230.00954358002,1230,1361.62162162162
1231.57710274241,1230.00935440616,1230,1361.35135135135
1231.5612725823,1230.00916898191,1230,1361.08108108108
1231.5456000918,1230.00898723295,1230,1360.81081081081
1231.5300837005,1230.00880908642,1230,1360.54054054054
1231.51472185365,1230.00863447093,1230,1360.27027027027
1231.49951301198,1230.00846331648,1230,1360
1231.48445565153,1230.00829555448,1230,1359.72972972973
1231.46954826354,1230.00813111768,1230,1359.45945945946
1231.45478935428,1230.00796994017,1230,1359.18918918919
1231.44017744489,1230.00781195735,1230,1358.91891891892
1231.42571107123,1230.0076571059,1230,1358.64864864865
1231.41138878376,1230.00750532376,1230,1358.37837837838
1231.39720914738,1230.00735655008,1230,1358.10810810811
1231.38317074126,1230.00721072524,1230,1357.83783783784
1231.36927215873,1230.00706779078,1230,1357.56756756757
1231.35551200716,1230.00692768942,1230,1357.2972972973
1231.34188890775,1230.00679036501,1230,1357.02702702703
1231.32840149545,1230.00665576249,1230,1356.75675675676
1231.31504841882,1230.00652382792,1230,1356.48648648649
1231.30182833985,1230.00639450843,1230,1356.21621621622
1231.28873993387,1230.00626775216,1230,1355.94594594595
1231.27578188943,1230.00614350833,1230,1355.67567567568
1231.2629529081,1230.00602172713,1230,1355.40540540541
1231.25025170441,1230.00590235974,1230,1355.13513513514
1231.23767700568,1230.00578535834,1230,1354.86486486486
1231.22522755191,1230.00567067601,1230,1354.59459459459
1231.21290209565,1230.00555826679,1230,1354.32432432432
1231.20069940189,1230.00544808563,1230,1354.05405405405
1231.18861824788,1230.00534008837,1230,1353.78378378378
1231.1766574231,1230.00523423171,1230,1353.51351351351
1231.16481572905,1230.00513047323,1230,1353.24324324324
1231.15309197918,1230.00502877135,1230,1352.97297297297
1231.14148499876,1230.00492908529,1230,1352.7027027027
1231.12999362475,1230.00483137511,1230,1352.43243243243
1231.1186167057,1230.00473560163,1230,1352.16216216216
1231.10735310164,1230.00464172648,1230,1351.89189189189
1231.09620168394,1230.00454971202,1230,1351.62162162162
1231.08516133522,1230.00445952137,1230,1351.35135135135
1231.07423094921,1230.00437111839,1230,1351.08108108108
1231.06340943069,1230.00428446764,1230,1350.81081081081
1231.05269569531,1230.00419953439,1230,1350.54054054054
1231.04208866957,1230.0041162846,1230,1350.27027027027
1231.03158729061,1230.0040346849,1230,1350
1231.02119050619,1230.00395470258,1230,1349.72972972973
1231.01089727455,1230.00387630559,1230,1349.45945945946
1231.00070656427,1230.0037994625,1230,1349.18918918919
1230.99061735426,1230.00372414251,1230,1348.91891891892
1230.98062863354,1230.00365031544,1230,1348.64864864865
1230.97073940125,1230.00357795169,1230,1348.37837837838
1230.96094866648,1230.00350702225,1230,1348.10810810811
1230.95125544817,1230.00343749871,1230,1347.83783783784
1230.94165877505,1230.00336935319,1230,1347.56756756757
1230.93215768554,1230.00330255838,1230,1347.2972972973
1230.92275122761,1230.0032370875,1230,1347.02702702703
1230.91343845871,1230.00317291432,1230,1346.75675675676
1230.90421844571,1230.00311001311,1230,1346.48648648649
1230.89509026475,1230.00304835867,1230,1346.21621621622
1230.88605300117,1230.00298792627,1230,1345.94594594595
1230.87710574942,1230.0029286917,1230,1345.67567567568
1230.86824761299,1230.00287063122,1230,1345.40540540541
1230.85947770427,1230.00281372155,1230,1345.13513513514
1230.85079514452,1230.00275793989,1230,1344.86486486486
1230.84219906373,1230.00270326387,1230,1344.59459459459
1230.83368860056,1230.00264967158,1230,1344.32432432432
1230.82526290225,1230.00259714154,1230,1344.05405405405
1230.81692112455,1230.0025456527,1230,1343.78378378378
1230.80866243159,1230.00249518441,1230,1343.51351351351
1230.80048599585,1230.00244571646,1230,1343.24324324324
1230.79239099803,1230.002397229,1230,1342.97297297297
1230.78437662701,1230.00234970261,1230,1342.7027027027
1230.77644207974,1230.00230311825,1230,1342.43243243243
1230.76858656117,1230.00225745722,1230,1342.16216216216
1230.76080928417,1230.00221270125,1230,1341.89189189189
1230.75310946944,1230.00216883237,1230,1341.62162162162
1230.74548634546,1230.00212583303,1230,1341.35135135135
1230.73793914837,1230.00208368596,1230,1341.08108108108
1230.73046712194,1230.0020423743,1230,1340.81081081081
1230.72306951748,1230.00200188147,1230,1340.54054054054
1230.71574559371,1230.00196219125,1230,1340.27027027027
1230.70849461679,1230.00192328772,1230,1340
1230.70131586016,1230.0018851553,1230,1339.72972972973
1230.69420860449,1230.0018477787,1230,1339.45945945946
1230.68717213763,1230.00181114294,1230,1339.18918918919
1230.68020575453,1230.00177523334,1230,1338.91891891892
1230.67330875713,1230.00174003549,1230,1338.64864864865
1230.66648045435,1230.00170553531,1230,1338.37837837838
1230.65972016199,1230.00167171895,1230,1338.10810810811
1230.65302720266,1230.00163857286,1230,1337.83783783784
1230.64640090572,1230.00160608376,1230,1337.56756756757
1230.63984060721,1230.00157423862,1230,1337.2972972973
1230.63334564977,1230.00154302468,1230,1337.02702702703
1230.6269153826,1230.00151242944,1230,1336.75675675676
1230.62054916139,1230.00148244062,1230,1336.48648648649
1230.61424634823,1230.00145304621,1230,1336.21621621622
1230.60800631157,1230.00142423442,1230,1335.94594594595
1230.60182842616,1230.00139599371,1230,1335.67567567568
1230.59571207295,1230.00136831276,1230,1335.40540540541
1230.58965663909,1230.00134118047,1230,1335.13513513514
1230.58366151782,1230.00131458597,1230,1334.86486486486
1230.57772610842,1230.00128851859,1230,1334.59459459459
1230.57184981614,1230.0012629679,1230,1334.32432432432
1230.56603205219,1230.00123792365,1230,1334.05405405405
1230.56027223362,1230.00121337579,1230,1333.78378378378
1230.55456978327,1230.0011893145,1230,1333.51351351351
1230.54892412977,1230.00116573013,1230,1333.24324324324
1230.54333470741,1230.00114261322,1230,1332.97297297297
1230.53780095613,1230.00111995451,1230,1332.7027027027
1230.53232232143,1230.00109774491,1230,1332.43243243243
1230.52689825436,1230.00107597554,1230,1332.16216216216
1230.5215282114,1230.00105463765,1230,1331.89189189189
1230.51621165449,1230.0010337227,1230,1331.62162162162
1230.51094805089,1230.0010132223,1230,1331.35135135135
1230.50573687319,1230.00099312824,1230,1331.08108108108
1230.50057759921,1230.00097343247,1230,1330.81081081081
1230.495469712,1230.00095412708,1230,1330.54054054054
1230.49041269974,1230.00093520434,1230,1330.27027027027
1230.48540605571,1230.00091665667,1230,1330
1230.48044927823,1230.00089847664,1230,1329.72972972973
1230.47554187064,1230.00088065695,1230,1329.45945945946
1230.4706833412,1230.00086319046,1230,1329.18918918919
1230.46587320309,1230.00084607017,1230,1328.91891891892
1230.46111097433,1230.00082928923,1230,1328.64864864865
1230.45639617772,1230.0008128409,1230,1328.37837837838
1230.45172834085,1230.00079671859,1230,1328.10810810811
1230.447106996,1230.00078091584,1230,1327.83783783784
1230.44253168009,1230.00076542631,1230,1327.56756756757
1230.43800193468,1230.0007502438,1230,1327.2972972973
1230.43351730589,1230.00073536223,1230,1327.02702702703
1230.42907734433,1230.00072077562,1230,1326.75675675676
1230.42468160514,1230.00070647813,1230,1326.48648648649
1230.42032964784,1230.00069246403,1230,1326.21621621622
1230.41602103638,1230.00067872771,1230,1325.94594594595
1230.41175533901,1230.00066526365,1230,1325.67567567568
1230.40753212832,1230.00065206646,1230,1325.40540540541
1230.40335098112,1230.00063913085,1230,1325.13513513514
1230.39921147848,1230.00062645164,1230,1324.86486486486
1230.39511320559,1230.00061402375,1230,1324.59459459459
1230.39105575182,1230.00060184218,1230,1324.32432432432
1230.3870387106,1230.00058990207,1230,1324.05405405405
1230.38306167942,1230.00057819862,1230,1323.78378378378
1230.37912425977,1230.00056672714,1230,1323.51351351351
1230.37522605713,1230.00055548304,1230,1323.24324324324
1230.37136668088,1230.00054446181,1230,1322.97297297297
1230.36754574432,1230.00053365903,1230,1322.7027027027
1230.36376286457,1230.00052307037,1230,1322.43243243243
1230.3600176626,1230.00051269158,1230,1322.16216216216
1230.35630976312,1230.00050251852,1230,1321.89189189189
1230.35263879461,1230.00049254709,1230,1321.62162162162
1230.34900438923,1230.00048277331,1230,1321.35135135135
1230.3454061828,1230.00047319326,1230,1321.08108108108
1230.34184381479,1230.00046380309,1230,1320.81081081081
1230.33831692823,1230.00045459904,1230,1320.54054054054
1230.33482516973,1230.00044557742,1230,1320.27027027027
1230.33136818942,1230.00043673462,1230,1320
1230.32794564089,1230.0004280671,1230,1319.72972972973
1230.32455718121,1230.00041957137,1230,1319.45945945946
1230.32120247085,1230.00041124404,1230,1319.18918918919
1230.31788117366,1230.00040308176,1230,1318.91891891892
1230.31459295684,1230.00039508126,1230,1318.64864864865
1230.31133749092,1230.00038723935,1230,1318.37837837838
1230.30811444968,1230.00037955287,1230,1318.10810810811
1230.30492351019,1230.00037201874,1230,1317.83783783784
1230.30176435269,1230.00036463394,1230,1317.56756756757
1230.29863666065,1230.00035739552,1230,1317.2972972973
1230.29554012066,1230.00035030057,1230,1317.02702702703
1230.29247442244,1230.00034334625,1230,1316.75675675676
1230.28943925881,1230.00033652977,1230,1316.48648648649
1230.28643432565,1230.0003298484,1230,1316.21621621622
1230.28345932185,1230.00032329946,1230,1315.94594594595
1230.28051394931,1230.00031688033,1230,1315.67567567568
1230.27759791291,1230.00031058843,1230,1315.40540540541
1230.27471092046,1230.00030442124,1230,1315.13513513514
1230.27185268267,1230.00029837629,1230,1314.86486486487
1230.26902291315,1230.00029245116,1230,1314.59459459459
1230.26622132836,1230.00028664347,1230,1314.32432432432
1230.26344764756,1230.00028095089,1230,1314.05405405405
1230.26070159283,1230.00027537115,1230,1313.78378378378
1230.25798288902,1230.000269902,1230,1313.51351351351
1230.25529126371,1230.00026454125,1230,1313.24324324324
1230.25262644719,1230.00025928676,1230,1312.97297297297
1230.24998817245,1230.00025413642,1230,1312.7027027027
1230.24737617513,1230.00024908817,1230,1312.43243243243
1230.2447901935,1230.00024413997,1230,1312.16216216216
1230.24222996844,1230.00023928986,1230,1311.89189189189
1230.23969524343,1230.00023453587,1230,1311.62162162162
1230.23718576447,1230.00022987612,1230,1311.35135135135
1230.23470128011,1230.00022530873,1230,1311.08108108108
1230.23224154141,1230.00022083186,1230,1310.81081081081
1230.22980630189,1230.00021644373,1230,1310.54054054054
1230.22739531754,1230.00021214258,1230,1310.27027027027
1230.22500834679,1230.00020792668,1230,1310
1230.22264515044,1230.00020379435,1230,1309.72972972973
1230.22030549171,1230.00019974392,1230,1309.45945945946
1230.21798913616,1230.00019577378,1230,1309.18918918919
1230.21569585169,1230.00019188232,1230,1308.91891891892
1230.21342540851,1230.000188068,1230,1308.64864864865
1230.21117757912,1230.00018432929,1230,1308.37837837838
1230.20895213828,1230.00018066467,1230,1308.10810810811
1230.206748863,1230.0001770727,1230,1307.83783783784
1230.20456753251,1230.00017355192,1230,1307.56756756757
1230.20240792825,1230.00017010092,1230,1307.2972972973
1230.2002698338,1230.00016671833,1230,1307.02702702703
1230.19815303494,1230.00016340279,1230,1306.75675675676
1230.19605731956,1230.00016015296,1230,1306.48648648649
1230.19398247766,1230.00015696754,1230,1306.21621621622
1230.19192830135,1230.00015384527,1230,1305.94594594595
1230.18989458479,1230.00015078488,1230,1305.67567567568
1230.18788112421,1230.00014778515,1230,1305.40540540541
1230.18588771784,1230.00014484487,1230,1305.13513513514
1230.18391416596,1230.00014196288,1230,1304.86486486486
1230.1819602708,1230.00013913801,1230,1304.59459459459
1230.18002583659,1230.00013636913,1230,1304.32432432432
1230.17811066949,1230.00013365513,1230,1304.05405405405
1230.17621457761,1230.00013099493,1230,1303.78378378378
1230.17433737094,1230.00012838746,1230,1303.51351351351
1230.1724788614,1230.00012583167,1230,1303.24324324324
1230.17063886275,1230.00012332653,1230,1302.97297297297
1230.16881719063,1230.00012087105,1230,1302.7027027027
1230.16701366251,1230.00011846424,1230,1302.43243243243
1230.16522809766,1230.00011610514,1230,1302.16216216216
1230.16346031718,1230.00011379279,1230,1301.89189189189
1230.16171014392,1230.00011152628,1230,1301.62162162162
1230.15997740252,1230.00010930469,1230,1301.35135135135
1230.15826191937,1230.00010712714,1230,1301.08108108108
1230.15656352255,1230.00010499275,1230,1300.81081081081
1230.1548820419,1230.00010290066,1230,1300.54054054054
1230.15321730892,1230.00010085004,1230,1300.27027027027
1230.15156915682,1230.00009884007,1230,1300
1230.14993742043,1230.00009686993,1230,1299.72972972973
1230.14832193626,1230.00009493885,1230,1299.45945945946
1230.14672254244,1230.00009304604,1230,1299.18918918919
1230.1451390787,1230.00009119075,1230,1298.91891891892
1230.14357138639,1230.00008937223,1230,1298.64864864865
1230.14201930841,1230.00008758976,1230,1298.37837837838
1230.14048268924,1230.00008584261,1230,1298.10810810811
1230.13896137492,1230.0000841301,1230,1297.83783783784
1230.13745521301,1230.00008245153,1230,1297.56756756757
1230.13596405258,1230.00008080623,1230,1297.2972972973
1230.13448774423,1230.00007919355,1230,1297.02702702703
1230.13302614002,1230.00007761283,1230,1296.75675675676
1230.1315790935,1230.00007606344,1230,1296.48648648649
1230.13014645967,1230.00007454476,1230,1296.21621621622
1230.12872809499,1230.00007305618,1230,1295.94594594595
1230.12732385733,1230.0000715971,1230,1295.67567567568
1230.12593360598,1230.00007016695,1230,1295.40540540541
1230.12455720165,1230.00006876514,1230,1295.13513513514
1230.1231945064,1230.00006739112,1230,1294.86486486487
1230.12184538371,1230.00006604434,1230,1294.59459459459
1230.12050969838,1230.00006472424,1230,1294.32432432432
1230.11918731658,1230.00006343032,1230,1294.05405405405
1230.1178781058,1230.00006216204,1230,1293.78378378378
1230.11658193486,1230.0000609189,1230,1293.51351351351
1230.11529867389,1230.0000597004,1230,1293.24324324324
1230.11402819429,1230.00005850605,1230,1292.97297297297
1230.11277036876,1230.00005733537,1230,1292.7027027027
1230.11152507128,1230.0000561879,1230,1292.43243243243
1230.11029217705,1230.00005506317,1230,1292.16216216216
1230.10907156255,1230.00005396074,1230,1291.89189189189
1230.10786310545,1230.00005288015,1230,1291.62162162162
1230.10666668469,1230.00005182099,1230,1291.35135135135
1230.10548218036,1230.00005078281,1230,1291.08108108108
1230.10430947379,1230.00004976522,1230,1290.81081081081
1230.10314844747,1230.0000487678,1230,1290.54054054054
1230.10199898505,1230.00004779014,1230,1290.27027027027
1230.10086097138,1230.00004683186,1230,1290
1230.0997342924,1230.00004589258,1230,1289.72972972973
1230.09861883523,1230.00004497192,1230,1289.45945945946
1230.09751448811,1230.0000440695,1230,1289.18918918919
1230.09642114036,1230.00004318497,1230,1288.91891891892
1230.09533868244,1230.00004231797,1230,1288.64864864865
1230.09426700589,1230.00004146816,1230,1288.37837837838
1230.09320600332,1230.00004063519,1230,1288.10810810811
1230.09215556841,1230.00003981873,1230,1287.83783783784
1230.09111559591,1230.00003901846,1230,1287.56756756757
1230.09008598162,1230.00003823404,1230,1287.2972972973
1230.08906662237,1230.00003746518,1230,1287.02702702703
1230.08805741602,1230.00003671155,1230,1286.75675675676
1230.08705826143,1230.00003597286,1230,1286.48648648649
1230.08606905851,1230.00003524882,1230,1286.21621621622
1230.08508970812,1230.00003453912,1230,1285.94594594595
1230.08412011213,1230.00003384349,1230,1285.67567567568
1230.0831601734,1230.00003316165,1230,1285.40540540541
1230.08220979573,1230.00003249332,1230,1285.13513513514
1230.08126888389,1230.00003183825,1230,1284.86486486487
1230.08033734361,1230.00003119615,1230,1284.59459459459
1230.07941508154,1230.00003056678,1230,1284.32432432432
1230.07850200527,1230.00002994989,1230,1284.05405405405
1230.07759802331,1230.00002934522,1230,1283.78378378378
1230.07670304508,1230.00002875254,1230,1283.51351351351
1230.0758169809,1230.00002817161,1230,1283.24324324324
1230.07493974199,1230.00002760219,1230,1282.97297297297
1230.07407124044,1230.00002704406,1230,1282.7027027027
1230.07321138924,1230.00002649699,1230,1282.43243243243
1230.07236010222,1230.00002596076,1230,1282.16216216216
1230.07151729409,1230.00002543517,1230,1281.89189189189
1230.07068288038,1230.00002491999,1230,1281.62162162162
1230.06985677751,1230.00002441502,1230,1281.35135135135
1230.06903890268,1230.00002392006,1230,1281.08108108108
1230.06822917395,1230.00002343491,1230,1280.81081081081
1230.06742751017,1230.00002295938,1230,1280.54054054054
1230.06663383103,1230.00002249327,1230,1280.27027027027
1230.065848057,1230.0000220364,1230,1280
1230.06507010933,1230.00002158859,1230,1279.72972972973
1230.06429991008,1230.00002114965,1230,1279.45945945946
1230.06353738208,1230.00002071941,1230,1279.18918918919
1230.06278244891,1230.0000202977,1230,1278.91891891892
1230.06203503494,1230.00001988435,1230,1278.64864864865
1230.06129506527,1230.0000194792,1230,1278.37837837838
1230.06056246575,1230.00001908207,1230,1278.10810810811
1230.05983716297,1230.00001869281,1230,1277.83783783784
1230.05911908427,1230.00001831127,1230,1277.56756756757
1230.05840815769,1230.0000179373,1230,1277.2972972973
1230.05770431199,1230.00001757073,1230,1277.02702702703
1230.05700747665,1230.00001721143,1230,1276.75675675676
1230.05631758184,1230.00001685926,1230,1276.48648648649
1230.05563455844,1230.00001651406,1230,1276.21621621622
1230.054958338,1230.0000161757,1230,1275.94594594595
1230.05428885277,1230.00001584406,1230,1275.67567567568
1230.05362603567,1230.00001551898,1230,1275.40540540541
1230.05296982027,1230.00001520035,1230,1275.13513513514
1230.05232014083,1230.00001488803,1230,1274.86486486487
1230.05167693224,1230.00001458191,1230,1274.59459459459
1230.05104013007,1230.00001428185,1230,1274.32432432432
1230.05040967049,1230.00001398774,1230,1274.05405405405
1230.04978549033,1230.00001369946,1230,1273.78378378378
1230.04916752706,1230.00001341689,1230,1273.51351351351
1230.04855571875,1230.00001313993,1230,1273.24324324324
1230.0479500041,1230.00001286845,1230,1272.97297297297
1230.04735032241,1230.00001260235,1230,1272.7027027027
1230.0467566136,1230.00001234153,1230,1272.43243243243
1230.04616881818,1230.00001208588,1230,1272.16216216216
1230.04558687724,1230.0000118353,1230,1271.89189189189
1230.04501073247,1230.00001158968,1230,1271.62162162162
1230.04444032616,1230.00001134893,1230,1271.35135135135
1230.04387560113,1230.00001111295,1230,1271.08108108108
1230.04331650081,1230.00001088165,1230,1270.81081081081
1230.04276296917,1230.00001065494,1230,1270.54054054054
1230.04221495075,1230.00001043272,1230,1270.27027027027
1230.04167239063,1230.0000102149,1230,1270
1230.04113523445,1230.0000100014,1230,1269.72972972973
1230.04060342839,1230.00000979213,1230,1269.45945945946
1230.04007691916,1230.00000958701,1230,1269.18918918919
1230.039555654,1230.00000938596,1230,1268.91891891892
1230.03903958069,1230.00000918889,1230,1268.64864864865
1230.0385286475,1230.00000899573,1230,1268.37837837838
1230.03802280324,1230.00000880639,1230,1268.10810810811
1230.03752199724,1230.00000862081,1230,1267.83783783784
1230.0370261793,1230.00000843891,1230,1267.56756756757
1230.03653529974,1230.00000826061,1230,1267.2972972973
1230.03604930938,1230.00000808584,1230,1267.02702702703
1230.03556815953,1230.00000791454,1230,1266.75675675676
1230.03509180196,1230.00000774664,1230,1266.48648648649
1230.03462018895,1230.00000758206,1230,1266.21621621622
1230.03415327324,1230.00000742075,1230,1265.94594594595
1230.03369100805,1230.00000726263,1230,1265.67567567568
1230.03323334706,1230.00000710765,1230,1265.40540540541
1230.0327802444,1230.00000695574,1230,1265.13513513514
1230.03233165468,1230.00000680684,1230,1264.86486486487
1230.03188753295,1230.00000666089,1230,1264.59459459459
1230.03144783471,1230.00000651784,1230,1264.32432432432
1230.03101251589,1230.00000637761,1230,1264.05405405405
1230.03058153288,1230.00000624017,1230,1263.78378378378
1230.0301548425,1230.00000610546,1230,1263.51351351351
1230.02973240198,1230.00000597341,1230,1263.24324324324
1230.02931416901,1230.00000584398,1230,1262.97297297297
1230.02890010167,1230.00000571712,1230,1262.7027027027
1230.02849015847,1230.00000559277,1230,1262.43243243243
1230.02808429833,1230.00000547088,1230,1262.16216216216
1230.0276824806,1230.00000535141,1230,1261.89189189189
1230.027284665,1230.00000523431,1230,1261.62162162162
1230.02689081167,1230.00000511953,1230,1261.35135135135
1230.02650088115,1230.00000500703,1230,1261.08108108108
1230.02611483437,1230.00000489676,1230,1260.81081081081
1230.02573263265,1230.00000478867,1230,1260.54054054054
1230.02535423768,1230.00000468272,1230,1260.27027027027
1230.02497961156,1230.00000457887,1230,1260
1230.02460871674,1230.00000447708,1230,1259.72972972973
1230.02424151606,1230.00000437731,1230,1259.45945945946
1230.02387797273,1230.00000427952,1230,1259.18918918919
1230.02351805032,1230.00000418367,1230,1258.91891891892
1230.02316171276,1230.00000408971,1230,1258.64864864865
1230.02280892436,1230.00000399762,1230,1258.37837837838
1230.02245964975,1230.00000390735,1230,1258.10810810811
1230.02211385394,1230.00000381887,1230,1257.83783783784
1230.02177150229,1230.00000373215,1230,1257.56756756757
1230.02143256049,1230.00000364714,1230,1257.2972972973
1230.02109699457,1230.00000356382,1230,1257.02702702703
1230.02076477091,1230.00000348215,1230,1256.75675675676
1230.02043585623,1230.0000034021,1230,1256.48648648649
1230.02011021757,1230.00000332364,1230,1256.21621621622
1230.01978782228,1230.00000324673,1230,1255.94594594595
1230.01946863808,1230.00000317135,1230,1255.67567567568
1230.01915263298,1230.00000309746,1230,1255.40540540541
1230.01883977532,1230.00000302503,1230,1255.13513513514
1230.01853003374,1230.00000295404,1230,1254.86486486487
1230.01822337721,1230.00000288446,1230,1254.59459459459
1230.01791977501,1230.00000281626,1230,1254.32432432432
1230.0176191967,1230.00000274941,1230,1254.05405405405
1230.01732161218,1230.00000268388,1230,1253.78378378378
1230.01702699162,1230.00000261965,1230,1253.51351351351
1230.01673530551,1230.0000025567,1230,1253.24324324324
1230.01644652461,1230.00000249499,1230,1252.97297297297
1230.01616061999,1230.00000243451,1230,1252.7027027027
1230.015877563,1230.00000237522,1230,1252.43243243243
1230.01559732529,1230.00000231711,1230,1252.16216216216
1230.01531987876,1230.00000226016,1230,1251.89189189189
1230.01504519562,1230.00000220433,1230,1251.62162162162
1230.01477324834,1230.0000021496,1230,1251.35135135135
1230.01450400968,1230.00000209597,1230,1251.08108108108
1230.01423745266,1230.00000204339,1230,1250.81081081081
1230.01397355057,1230.00000199186,1230,1250.54054054054
1230.01371227696,1230.00000194135,1230,1250.27027027027
1230.01345360566,1230.00000189184,1230,1250
1230.01319751074,1230.00000184331,1230,1249.72972972973
1230.01294396655,1230.00000179574,1230,1249.45945945946
1230.01269294768,1230.00000174912,1230,1249.18918918919
1230.01244442898,1230.00000170342,1230,1248.91891891892
1230.01219838554,1230.00000165862,1230,1248.64864864865
1230.01195479271,1230.00000161472,1230,1248.37837837838
1230.01171362609,1230.00000157168,1230,1248.10810810811
1230.0114748615,1230.0000015295,1230,1247.83783783784
1230.01123847503,1230.00000148815,1230,1247.56756756757
1230.01100444298,1230.00000144763,1230,1247.2972972973
1230.01077274191,1230.0000014079,1230,1247.02702702703
1230.0105433486,1230.00000136897,1230,1246.75675675676
1230.01031624007,1230.0000013308,1230,1246.48648648649
1230.01009139356,1230.00000129339,1230,1246.21621621622
1230.00986878653,1230.00000125673,1230,1245.94594594595
1230.00964839669,1230.00000122079,1230,1245.67567567568
1230.00943020194,1230.00000118556,1230,1245.40540540541
1230.00921418044,1230.00000115103,1230,1245.13513513514
1230.00900031052,1230.00000111718,1230,1244.86486486486
1230.00878857076,1230.00000108401,1230,1244.59459459459
1230.00857893995,1230.00000105149,1230,1244.32432432432
1230.00837139708,1230.00000101962,1230,1244.05405405405
1230.00816592135,1230.00000098838,1230,1243.78378378378
1230.00796249217,1230.00000095776,1230,1243.51351351351
1230.00776108917,1230.00000092774,1230,1243.24324324324
1230.00756169215,1230.00000089832,1230,1242.97297297297
1230.00736428115,1230.00000086949,1230,1242.7027027027
1230.00716883637,1230.00000084122,1230,1242.43243243243
1230.00697533824,1230.00000081352,1230,1242.16216216216
1230.00678376736,1230.00000078636,1230,1241.89189189189
1230.00659410454,1230.00000075975,1230,1241.62162162162
1230.00640633078,1230.00000073366,1230,1241.35135135135
1230.00622042726,1230.00000070809,1230,1241.08108108108
1230.00603637536,1230.00000068302,1230,1240.81081081081
1230.00585415662,1230.00000065845,1230,1240.54054054054
1230.0056737528,1230.00000063437,1230,1240.27027027027
1230.00549514582,1230.00000061077,1230,1240
1230.00531831777,1230.00000058763,1230,1239.72972972973
1230.00514325094,1230.00000056495,1230,1239.45945945946
1230.0049699278,1230.00000054272,1230,1239.18918918919
1230.00479833096,1230.00000052093,1230,1238.91891891892
1230.00462844325,1230.00000049958,1230,1238.64864864865
1230.00446024762,1230.00000047865,1230,1238.37837837838
1230.00429372724,1230.00000045813,1230,1238.10810810811
1230.00412886542,1230.00000043802,1230,1237.83783783784
1230.00396564563,1230.0000004183,1230,1237.56756756757
1230.00380405152,1230.00000039898,1230,1237.2972972973
1230.0036440669,1230.00000038004,1230,1237.02702702703
1230.00348567574,1230.00000036148,1230,1236.75675675676
1230.00332886217,1230.00000034328,1230,1236.48648648649
1230.00317361048,1230.00000032545,1230,1236.21621621622
1230.0030199051,1230.00000030797,1230,1235.94594594595
1230.00286773064,1230.00000029083,1230,1235.67567567568
1230.00271707185,1230.00000027404,1230,1235.40540540541
1230.00256791363,1230.00000025758,1230,1235.13513513514
1230.00242024104,1230.00000024144,1230,1234.86486486486
1230.00227403928,1230.00000022562,1230,1234.59459459459
1230.0021292937,1230.00000021012,1230,1234.32432432432
1230.0019859898,1230.00000019493,1230,1234.05405405405
1230.00184411322,1230.00000018003,1230,1233.78378378378
1230.00170364974,1230.00000016543,1230,1233.51351351351
1230.00156458528,1230.00000015112,1230,1233.24324324324
1230.00142690592,1230.0000001371,1230,1232.97297297297
1230.00129059785,1230.00000012335,1230,1232.7027027027
1230.00115564743,1230.00000010987,1230,1232.43243243243
1230.00102204112,1230.00000009667,1230,1232.16216216216
1230.00088976553,1230.00000008372,1230,1231.89189189189
1230.00075880743,1230.00000007103,1230,1231.62162162162
1230.00062915367,1230.00000005859,1230,1231.35135135135
1230.00050079128,1230.0000000464,1230,1231.08108108108
1230.00037370739,1230.00000003445,1230,1230.81081081081
1230.00024788926,1230.00000002273,1230,1230.54054054054
1230.00012332429,1230.00000001125,1230,1230.27027027027
1230,1230,1230,1230
